image_name,prompt
1-1252426161dfXY.jpg,"A curly-haired woman wearing a red dress and carrying a satchel, playing with her mobile phone"
1-1255621189mTnS.jpg,A curly-haired woman in a white dress and brown hat
1-1259162624NMFK.jpg,A curly-haired woman in a red dress with a small card in her hand
1-1259245823Un3j.jpg,"A picture of a girl with only the top half of her body, arms folded, dressed in black, standing on her side with slightly curly hair"
035A4301.jpg,"A three-dimensional shaped, slightly transparent plastic bag"
035A4302.jpg,A three-dimensional plastic bag with a partially cylindrical shape
035A4304.jpg,A piece of clear plastic
035A4305.jpg,"A clear plastic bag containing a small amount of peanuts, somewhat yellowed"
035A4308.jpg,A somewhat yellowed transparent sculpture
035A4310.jpg,A crystal clear transparent sculpture
035A4311.jpg,"A yellow plastic bag containing a small amount of something, tied in a knot"
035A4313.jpg,"A yellow plastic bag containing a small amount of something, tied in a knot"
035A4316.jpg,A roll of barbed wire with small diamond-shaped holes
035A4320.jpg,A roll of barbed wire with small diamond-shaped holes
035A4321.jpg,A piece of wire mesh with small diamond-shaped holes
035A4323.jpg,A roll of barbed wire with small diamond-shaped holes and a small piece of barbed wire with small diamond-shaped holes
035A4326.jpg,A white fabric with various textures
035A4327.jpg,A white fabric with various textures
035A4329.jpg,A white fabric with various textures
035A4330.jpg,A white fabric with various textures
035A4331.jpg,A white fabric with various textures
035A4332.jpg,A piece of white embroidery with a slight pattern with very small holes
035A4334.jpg,A piece of white embroidery with a slight pattern with very small holes
035A4335.jpg,A piece of white embroidery with a slight pattern with very small holes
035A4336.jpg,A small piece of blue plastic netting
035A4338.jpg,A large piece of blue plastic netting
035A4340.jpg,A small piece of brown plastic netting
035A4430.jpg,"A green, perforated plastic bag"
035A4431.jpg,"A green, perforated plastic bag"
035A4432.jpg,"A green, perforated plastic bag"
035A4435.jpg,A black and white toned press-on hand sanitiser bottle in transparent material with a tapered body and a press-on pump tip at the top
035A4436.jpg,A photo of a clear white glass
035A4438.jpg,"Two transparent ornaments with motifs of the Colosseum and the Eiffel Tower, the upper one with ‘ROMA’ and ‘COLOSSEO’ and the lower one with the Eiffel Tower and fireworks"
035A4440.jpg,A photograph showing disposable plastic packaging with a slightly creased surface and green and blue colours on the bottom
035A4441.jpg,A slanted plastic bag with green and pink layers at the bottom of the bag
035A4442.jpg,"An image showing the art of transforming a clear plastic bag, which is moulded into a shape that seems to be dancing or flying"
035A4446.jpg,"A photograph showing a strand of blonde hair on a dark background, the hair looks very soft and fine"
035A4447.jpg,White fabric with fine texture and small holes with delicate stitching around the edges
035A4448.jpg,"A white mesh fabric with small, evenly distributed holes in the mesh material"
035A4449.jpg,A white fabric surface with tiny holes and textures in the fabric and some irregularities in the edges of the fabric
035A4450.jpg,A photograph of a white mesh material with tiny holes and textures on the surface of the material
035A4452.jpg,A photograph of a white mesh material with tiny holes and textures on the surface of the material
035A4453.jpg,A photograph of a white mesh material with tiny holes and textures on the surface of the material
035A4454.jpg,A photograph of a white mesh material with tiny holes and textures on the surface of the material
035A4455.jpg,A photograph of a white mesh material with tiny holes and textures on the surface of the material
035A4456.jpg,White fabric with fine holes and water droplets
035A4457.jpg,White fabric with fine holes
035A4458.jpg,White fabric with fine holes
035A4461.jpg,White fabric with fine holes
035A4463.jpg,"Blue mesh material, detailed textures, light and shadow effects, clean background"
035A4467.jpg,A blue unicorn doll with gorgeous blue and purple fur
035A4468.jpg,Blue and silver-white hair decorations combined with fuchsia fabric
035A4474.jpg,Head of black and red hair
035A4475.jpg,White plush fabric with pink ribbon trim
035A4476.jpg,A white fabric with very tiny holes
035A4477.jpg,"A fabric of grid-like material, the grid showing a regular hexagonal pattern"
035A4478.jpg,A white fabric or film of fine granular texture
035A4508.jpg,Close-up of the white fabric with a fine patterned surface and crisp detailing
035A4509.jpg,"A white fabric with tiny micro-perforations, a little ruffled"
035A4510.jpg,White fabric with small holes in the surface
035A4512.jpg,A delicate piece of lace material with a delicate pattern and intricate woven structure that highlights the elegance and sophistication of lace
035A4513.jpg,"Fine lace fabric, intricately textured and beautifully patterned with visible stitching around the edges"
035A4514.jpg,"Fine lace fabric, intricately textured and beautifully patterned with visible stitching around the edges"
035A4515.jpg,A transparent fabric with golden glitter scattered throughout
035A4516.jpg,A delicate sheer fabric embellished with gold glitter
035A4517.jpg,"An image of a beautifully gauzy fabric that is light and sheer, with tiny highlights dotted across the surface, possibly embroidery or sequin embellishments"
035A4523.jpg,A blue silk scarf fabric with smooth lines and a light texture
035A4525.jpg,A blue mesh fabric with a lightweight texture with subtle detailed and texture
035A4526.jpg,"A blue gossamer veil, the yarn is delicately textured and light and airy"
035A4527.jpg,A blue mesh fabric that gives dimension and layers
035A4528.jpg,"Blue mesh fabric, light and transparent with clear details"
035A4529.jpg,A soft blue mesh fabric with a visible texture to the fabric
035A4530.jpg,A blue mesh fabric
035A4531.jpg,A delicate mesh fabric in blue
035A4532.jpg,A white twisted mesh ribbon with prominent edge stitching
035A4533.jpg,"A sheet of light gauze, fingers gently squeezing the corner of the gauze"
035A4534.jpg,A soft white fabric with ruffles and prominent edge stitching
035A4535.jpg,A light coloured fabric with a fine texture and neat edges
035A4536.jpg,"Pink tulle ribbon, light and transparent, soft texture"
035A4538.jpg,Overlapping pink mesh fabric
035A4539.jpg,Fingers caught in pink mesh fabric
035A4540.jpg,Pink gauze ribbon
035A4541.jpg,Green mesh material with a lightweight texture
035A4542.jpg,Green mesh material with a clear texture and a light finger touch on a corner of the mesh material
035A4543.jpg,"A piece of green mesh material with evenly distributed holes, a finger lightly touches a corner of the mesh material"
035A4545.jpg,Pink and green mesh fabric
035A4546.jpg,"Pink, green and grey mesh fabrics are interspersed"
035A4547.jpg,"Pink, green and grey mesh fabrics are interspersed with fabric ruffles"
035A4548.jpg,"Blue, pink and green mesh fabrics intertwine with each other"
035A4551.jpg,Honeycombed fuchsia fabric with a finely textured surface
035A4552.jpg,"Purple-red object with regularly arranged round holes on the surface, of uniform diameter and closely spaced"
035A4553.jpg,Pink plastic plate with regularly arranged bumpy texture
035A4554.jpg,"A pink plastic surface with regularly arranged holes, which are rounded and have smooth edges"
035A4555.jpg,"A piece of clear plastic bubble wrap, the bubble texture is clearly visible when gently pressed by the finger"
035A4556.jpg,The foam is fine and flexible when you touch the foam material with your fingers
"474px-Jerry_Moran,_official_portrait,_112th_Congress_headshot.jpg","A male wearing a dark suit, white shirt and light blue tie"
16087-a-young-woman-showing-a-bitten-green-apple-pv.jpg,A smiling young woman holds a green apple and wears a striped sleeveless top with blonde hair
17620-a-beautiful-woman-in-a-bikini-pv.jpg,A woman in a striped dress with one arm exposed and her hair blowing in the wind
1609484818_b9bb12b.jpg,A picture of a young woman with red hair and light coloured clothes
2280627190_9e6b6.jpg,A lady with her head tilted back holds up a Muppet in a white dress with yellow skin
3262986095_2d5afe583c_b.jpg,An upper frontal shot of a short-haired male wearing a black top and glasses
3588101233_f91aa5e3a3.jpg,An upper frontal shot of a short-haired male wearing casual clothes and slightly dishevelled hair
3858897226_cae5b75963_o.jpg,An inch-haired male in a dark shirt
4804813050_e7b359d2c9_o.jpg,An adorable kitten half lying on its back with brownish-brown fur and bright eyes
4889657410_2d503ca287_o.jpg,A young long-haired woman has a film tablet and camera in front of her
4981835627_c4e6c4ffa8_o.jpg,"There were two women, one with short hair standing frontally and one with curly hair sitting sideways in a chair with her hands spread out"
5025666458_576b974455_o.jpg,A woman in a grey sleeveless top with short dark curly hair
5149410930_3a943dc43f_b.jpg,A male in a black t-shirt with his finger pointing in a certain direction
5523655465_d3b4eac71f_b.jpg,An orange and white cat with whiskers
5892503248_4b882863c7_o.jpg,A woman in a pink dress with long curly hair and high heels
7669262460_e4be408343_b.jpg,"A little girl in a black top and white tutu, shot from top to bottom"
8244818049_dfa59a3eb8_b.jpg,A little girl in a long-sleeved green blouse
8688417335_01f3bafbe5_o.jpg,"A photograph showing a woman's beautiful hair, dark and shiny, with her hand gently stroking her hair"
9434599749_e7ccfc7812_b.jpg,A woman wearing a floral patterned halter dress with a geometric necklace and naturally curly hair
10743257206_18e7f44f2e_b.jpg,"Woman with short pink hair, grey dress, star necklace"
10845279884_d2d4c7b4d1_b.jpg,A woman in a light-coloured denim jacket with long blonde hair
11363165393_05d7a21d76_b.jpg,"A woman in a gold gown with her arms raised, wearing gold jewellery, her gesture is elegant"
13564741125_753939e9ce_o.jpg,Front view portrait of a man dressed in white
14731860273_5b40b19b51_o.jpg,A front view photo of a short-haired male wearing a blue checkered shirt
20672673163_20c8467827_b.jpg,A woman in a purple gown with thin straps and blonde hair cascading over her shoulders
Aaron_Friedman_Headshot.jpg,A male wearing a black shirt and glasses
alpaca-18009_1920.jpg,A brown alpaca with thick hair
alpaca-1083056_1920.jpg,A brown alpaca with erect ears
animal-cute-kitten-cat.jpg,One hand was holding an orange kitten
appetite-1239265.jpg,A pile of green shoots growing on nutrient soil
apple-841169_960_720.jpg,A woman in a green t-shirt holding a red apple
archeology_00000.jpg,A woman in a light blue halter top with blonde hair
archeology_00005.jpg,A woman in a light blue halter top with blonde hair
archeology_00010.jpg,A woman in a light blue halter top with blonde hair
archeology_00015.jpg,A woman in a light blue halter top with blonde hair
archeology_00020.jpg,A woman in a light blue halter top with blonde hair
archeology_00025.jpg,A woman in a light blue halter top with blonde hair
archeology_00030.jpg,A woman in a light blue halter top with blonde hair
archeology_00035.jpg,A woman in a light blue halter top with blonde hair
archeology_00040.jpg,A woman in a light blue halter top with blonde hair
archeology_00045.jpg,A woman in a light blue halter top with blonde hair
archeology_00050.jpg,A woman in a light blue halter top with blonde hair
archeology_00055.jpg,A woman in a light blue halter top with blonde hair
archeology_00060.jpg,A woman in a light blue halter top with blonde hair
archeology_00065.jpg,A woman in a light blue halter top with blonde hair
archeology_00070.jpg,A woman in a light blue halter top with blonde hair
archeology_00075.jpg,A woman in a light blue halter top with blonde hair
archeology_00080.jpg,A woman in a light blue halter top with blonde hair
archeology_00085.jpg,A woman in a light blue halter top with blonde hair
archeology_00090.jpg,A woman in a light blue halter top with blonde hair
archeology_00095.jpg,A woman in a light blue halter top with blonde hair
archeology_00100.jpg,A woman in a light blue halter top with blonde hair
archeology_00105.jpg,A woman in a light blue halter top with blonde hair
archeology_00110.jpg,A woman in a light blue halter top with blonde hair
archeology_00115.jpg,A woman in a light blue halter top with blonde hair
archeology_00120.jpg,A woman in a light blue halter top with blonde hair
archeology_00125.jpg,A woman in a light blue halter top with blonde hair
archeology_00130.jpg,A woman in a light blue halter top with blonde hair
archeology_00135.jpg,A woman in a light blue halter top with blonde hair
archeology_00140.jpg,A blonde woman in a light-coloured camisole with a ponytail
archeology_00145.jpg,A blonde woman in a light-coloured camisole with a ponytail
archeology_00150.jpg,A blonde woman in a light-coloured camisole with a ponytail
archeology_00155.jpg,A blonde woman in a light-coloured camisole with a ponytail
archeology_00160.jpg,A blonde woman in a light-coloured camisole with a ponytail
archeology_00165.jpg,A blonde woman in a light-coloured camisole with a ponytail
archeology_00170.jpg,A blonde woman in a light-coloured camisole with a ponytail
archeology_00175.jpg,A blonde woman in a light-coloured camisole with a ponytail
archeology_00180.jpg,A blonde woman in a light-coloured camisole with a ponytail
archeology_00185.jpg,A blonde woman in a light-coloured camisole with a ponytail
archeology_00190.jpg,A blonde woman in a light-coloured camisole with a ponytail
archeology_00195.jpg,A blonde woman in a light-coloured camisole with a ponytail
archeology_00200.jpg,A blonde woman in a light-coloured camisole with a ponytail
archeology_00205.jpg,A blonde woman in a light-coloured camisole with a ponytail
archeology_00210.jpg,A blonde woman in a light-coloured camisole with a ponytail
archeology_00215.jpg,A blonde woman in a light-coloured camisole with a ponytail
archeology_00220.jpg,A blonde woman in a light-coloured camisole with a ponytail
archeology_00225.jpg,A blonde woman in a light-coloured camisole with a ponytail
archeology_00230.jpg,A blonde woman in a light-coloured camisole with a ponytail
archeology_00235.jpg,A blonde woman in a light-coloured camisole with a ponytail
archeology_00240.jpg,A blonde woman in a light-coloured camisole with a ponytail
archeology_00245.jpg,A blonde woman in a light-coloured camisole with a ponytail
arrgh___r___28_by_mjranum_stock.jpg,"A photograph of a woman dressed in pirate style clothing, wearing a red and black gown, a black hat and holding a small sword"
arrgh___r___29_by_mjranum_stock.jpg,"A woman in a red and black costume with a black lace hat and a scepter, the overall style leans towards gothic or role-playing"
arrgh___r___30_by_mjranum_stock.jpg,A female wearing a red and black dress and a black hat holds a sword in a fighting position
a-single-person-1084191_960_720.jpg,"Portrait of young male, black halter top"
autumn-63271_1920.jpg,"Golden leaves, intertwined branches and the texture of the leaves are clearly visible"
baby-goat-1149824_1920.jpg,Close up of the side of a goat with fine hair and white head markings
ballerina-855652_1920.jpg,"A ballet dancer wears a black and white dress with arms gracefully outstretched, the gauzy material of the dress fluttering as she moves"
beach-747750_1280.jpg,A black and white dog with erect ears
beautiful-19075_960_720.jpg,"A woman in a white blouse and brown hat with dark, curly hair held the back of her head with one hand"
bloom-1239031_1920.jpg,"Green seedlings, fresh and tender, vigorous growth"
blur_00000.jpg,"A woman with only a little of her side showing and wearing a purple gown, one arm gracefully extended"
blur_00005.jpg,"A woman in a purple gown, arms outstretched and elegantly poised"
blur_00010.jpg,"A woman with only a little of her side showing and wearing a purple gown, one arm gracefully extended"
blur_00015.jpg,"A woman with only a little of her side showing and wearing a purple gown, one arm gracefully extended"
blur_00020.jpg,"A woman with only a little of her side showing and wearing a purple gown, one arm gracefully extended"
blur_00025.jpg,"A woman with only a little of her side showing and wearing a purple gown, one arm gracefully extended"
blur_00030.jpg,"A woman with only a little of her side showing and wearing a purple gown, one arm gracefully extended"
blur_00035.jpg,"A woman with only a little of her side showing and wearing a purple gown, one arm gracefully extended"
blur_00040.jpg,"A woman with only a little of her side showing and wearing a purple gown, one arm gracefully extended"
blur_00045.jpg,"A woman with only a little of her side showing and wearing a purple gown, one arm gracefully extended"
bonsai-62862_1920.jpg,A beautifully shaped bonsai tree with a strong curved trunk and lush foliage is placed in a beautifully decorated pot
bonsai-316573_1280.jpg,A beautifully formed bonsai tree with a naturally curved trunk and lush green branches and leaves
boy-454633_1920.jpg,A short-haired young man with a lowered head and well-detailed hair
cat-111793_1920.jpg,An orange cat with soft fur
cat-401124_1920.jpg,"A grey cat, lying on a heel of a horizontal log, looks ahead with intent eyes"
cat-1069990_1920.jpg,A grey and white cat with green eyes and fine fur
caterpillar-200972_1920.jpg,"The caterpillar crawls on a rough branch, its body covered with dense hairs"
caterpillar-205204_1920.jpg,"A caterpillar with long, thin hairs was attached to a branch"
cats-796437_1920.jpg,A black and white cat
central-park-1172381_1920.jpg,A grey-brown squirrel climbs up a tree trunk
cherry-blossom-476583_1920.jpg,The branches are dotted with clusters of white cherry blossoms with tender green leaves
cherry-tree-93737_1280.jpg,A large green leaf lined with white cherry blossoms with delicate petals and clear stamens
clematis-vitalba-99887_1920.jpg,Clematis displays a detailed fibrous structure white fluffy and vibrant
cobweb-1160456_1920.jpg,"The dew hangs evenly on the cobwebs of the wheat, crystal clear"
dog-287420_1280.jpg,"A dog with black and white fur, gentle eyes and a friendly expression"
dog-1203228_960_720.jpg,A white puppy with soft fur and erect ears
dog-1203240_1920.jpg,A close-up shot of a dog from the chin up
dog-1210559_960_720.jpg,A yellow Labrador with a happy expression and slightly open mouth
eve-drink-crystal-festive.jpg,Clear liquid is poured from a bottle into two goblets and the liquid creates a flowing effect in the goblets
face-1223346_960_720.jpg,A side shot of a character in a dark top with brown hair
fashion-model-portrait.jpg,A woman in a purple sequined dress with short hair wearing a necklace and earrings
fashion-model-pose.jpg,"A short-haired woman in a grey knit top, one hand resting naturally on her waist in an elegant gesture"
fern-886924_1920.jpg,Fern foliage with vibrant green colour and detailed fronds
ferns-427776_1920.jpg,A dense fern tree with great detail and texture in the fronds
fishnet-1088973.jpg,"A black mesh with a tight grid, showing a spiral pattern"
flowers-1174159_1920.jpg,"Cherry blossoms are in full bloom, pink flowers clustered on branches, branches intertwined, petals gently swaying"
fly-243381_1920.jpg,A detailed close-up of a bee showing the structure of its compound eyes and wings
forests-231066_1920.jpg,"Towering trees, dense forest canopy"
Girl_in_front_of_a_green_background.jpg,The woman in a blue-green checked shirt and jeans pulls on her hat with both hands
girl-1535859_1920.jpg,A woman in a long purple dress with a long flowing skirt showing elegance and a green garland of flowers on her head
glass-100967_1920.jpg,A glass filled with a fizzy drink with ice and sliced fruit
glass-565914_1920.jpg,A clear glass cup and a clear glass bottle placed on a smooth reflective surface
glass-602889_1920.jpg,A clear goblet
glass-containers-1205652_1920.jpg,The red powder spilled part way out of the fallen clear glass jar with the red lid on the side
godiva_close_00000.jpg,"A woman in a purple gown, elegantly poised, with her arms raised above the tail skirt of her gown"
godiva_close_00005.jpg,"A woman in a purple gown, elegantly poised, with her arms raised above the tail skirt of her gown"
godiva_close_00010.jpg,"A woman in a purple gown, elegantly poised, with her arms raised above the tail skirt of her gown"
godiva_close_00015.jpg,"A woman in a purple gown, elegantly poised, with her arms raised above the tail skirt of her gown"
godiva_close_00020.jpg,"A woman in a purple gown, elegantly poised, with her arms raised above the tail skirt of her gown"
godiva_close_00025.jpg,"A woman in a purple gown, elegantly poised, with her arms raised above the tail skirt of her gown"
godiva_close_00030.jpg,"A woman in a purple gown, elegantly poised, with her arms raised above the tail skirt of her gown"
godiva_close_00035.jpg,"A woman in a purple gown, elegantly poised, with her arms raised above the tail skirt of her gown"
godiva_close_00040.jpg,"A woman in a purple gown, elegantly poised, with her arms raised above the tail skirt of her gown"
goth_by_bugidifino-d4w7zms.jpg,"A woman in a black lace gown with dark, thick curly hair held the hem of her dress in both hands"
GT01.jpg,An orange-yellow flower with cascading petals and bright colours
GT02.jpg,A spherical object made of woven rattan with a natural brownish-yellow hue
GT03.jpg,An animated character with bright orange curly hair
GT04.jpg,"Two brightly coloured leprechauns stood together, the leprechauns had pink and green hair"
GT05.jpg,A sitting doll bear
GT06.jpg,A little duck doll dressed in blue
GT07.jpg,A white plush toy shaped like a small animal with red trim
GT08.jpg,A blonde doll in a red dress decorated with a purple flower
GT09.jpg,A golden doll wearing a yellow and green knitted hat with a strand of hair draped in front of it
GT10.jpg,A teddy bear wearing a red scarf and white plush gloves
GT11.jpg,Close-up of wilted flower with purple fibrous structure and dried petals
GT12.jpg,A stuffed bear wearing a red scarf
GT13.jpg,Green plants in pots
GT14.jpg,A stuffed animal with a light brown head and neck and a dark body
GT15.jpg,A fluffy white rabbit doll
GT16.jpg,A cute koala doll holding the Australian flag
GT17.jpg,A plush doll lying on its back
GT18.jpg,A small figure dressed in green with a black hat holding a broom and pumpkin lamp
GT19.jpg,A colourful pumpkin with green and orange flecks on the surface
GT20.jpg,A pink stuffed doll
GT21.jpg,Bright orange flowers with green foliage
GT22.jpg,A stuffed doll bear dressed in red
GT23.jpg,A stuffed doll bear in a dark jumper and red tie
GT24.jpg,A donkey-like purple doll with pink ears and black hair
GT25.jpg,A metal mesh pen holder with a pen
GT26.jpg,A bonsai with a twisted trunk and sparse branches
GT27.jpg,A pile of colourful yarn
Hair_gel.jpg,Black wet hair with part of the scalp visible
hair-flying-142210_1920.jpg,"Side portrait of a girl with long, flowing hair"
headshotid_by_bokogreat_stock-d355xf3.jpg,A man in a black top and red undershirt
ice-winter-weather-cold-42266.jpg,Frost-covered branches
income-996554_1920.jpg,Yellow lace fabric with delicate floral and sequin embellishments
japanese-cherry-trees-324186_1920.jpg,A cluster of pink cherry blossoms
jumping-spider-1127626_1920.jpg,Close-up of a jumping spider with detailed hair and eyes
lace-876415.jpg,Black lace fabric with a delicate floral pattern that is light and sheer
lace-876415_1280.jpg,Black lace fabric with crisp details and a fine texture featuring intricate patterns and textures
Lava_the_sled_dog.jpg,A dog with a black body and white face with erect ears
lil_white_goth_grl___23_by_mjranum_stock.jpg,A woman in white lace-adorned clothing with curly black hair rests her hands against her chin
lil_white_goth_grl___26_by_mjranum_stock.jpg,A woman in white lace trimmed clothing and curly black hair with her hands nestled in her face
locked_00000.jpg,A woman with some short red-headed hair
locked_00005.jpg,A woman with some short red-headed hair
locked_00010.jpg,A woman with some short red-headed hair
locked_00015.jpg,A woman with some short red-headed hair
locked_00020.jpg,A woman with some short red-headed hair
locked_00025.jpg,A woman with some short red-headed hair
locked_00030.jpg,A woman with some short red-headed hair
locked_00035.jpg,Side portrait of a woman with dark hair colour with reddish tones
locked_00040.jpg,Side portrait of a woman with dark hair colour with reddish tones
locked_00045.jpg,Side portrait of a woman with dark hair colour with reddish tones
locked_00050.jpg,Side portrait of a woman with dark hair colour with reddish tones
locked_00055.jpg,Side portrait of a woman with dark hair colour with reddish tones
locked_00060.jpg,Side portrait of a woman with dark hair colour with reddish tones
locked_00065.jpg,Side portrait of a woman with dark hair colour with reddish tones
locked_00070.jpg,Side portrait of a woman with dark hair colour with reddish tones
locked_00075.jpg,Side portrait of a woman with dark hair colour with reddish tones
macro-photography-800793_1920.jpg,Macro shot close-up of golden fibres
man_headshot.jpg,A short-haired male in a striped shirt and tie
man-388104_960_720.jpg,A short-haired male wearing a black top
MFettes-headshot.jpg,"A middle-aged, short-haired male wearing a light-coloured jacket and blue shirt"
milk.jpg,There is some milk in the bottom of a clear glass
milk-518067_1920.jpg,Overhead shot: a glass of milk and a glass jug filled with milk
milkweed-summer-nature-plant-42309.jpg,Close-up of white dandelion with delicate fluff
mmtest_00000.jpg,A woman in a white plush coat
mmtest_00005.jpg,A woman in a white plush coat
mmtest_00010.jpg,A woman in a white plush coat
mmtest_00015.jpg,A woman in a white plush coat
mmtest_00020.jpg,A woman in a white plush coat
mmtest_00025.jpg,A woman in a white plush coat
mmtest_00030.jpg,A figure wearing a white plush coat with medium-length hair
mmtest_00035.jpg,A figure wearing a white plush coat with medium-length hair
mmtest_00040.jpg,A figure wearing a white plush coat with medium-length hair
mmtest_00045.jpg,A figure wearing a white plush coat with medium-length hair
mmtest_00050.jpg,A figure wearing a white plush coat with medium-length hair
mmtest_00055.jpg,A figure wearing a white plush coat with medium-length hair
mmtest_00060.jpg,A figure wearing a white plush coat with medium-length hair and earrings in her ears
mmtest_00065.jpg,A figure wearing a white plush coat with medium-length hair and earrings in her ears
mmtest_00070.jpg,A figure wearing a white plush coat with medium-length hair and earrings in her ears
mmtest_00075.jpg,A figure wearing a white plush coat with medium-length hair and earrings in her ears
mmtest_00080.jpg,A figure wearing a white plush coat with medium-length hair and earrings in her ears
mmtest_00085.jpg,A figure wearing a white plush coat with medium-length hair and earrings in her ears
mmtest_00090.jpg,A figure wearing a white plush coat with medium-length hair and earrings in her ears
mmtest_00095.jpg,"A woman with medium-length hair wearing a white plush coat, one hand in front of her chin"
mmtest_00100.jpg,A woman with medium-length hair wearing a white plush coat with one hand in front of her eyes
mmtest_00105.jpg,A woman with medium-length hair wearing a white plush coat with one hand in front of her eyes
mmtest_00110.jpg,A woman with medium-length hair wearing a white plush coat with one hand in front of her eyes
mmtest_00115.jpg,A woman with medium-length hair in a white plush jacket runs one hand through her hair by her ear
mmtest_00120.jpg,A woman with medium-length hair in a white plush jacket runs one hand through her hair by her ear
mmtest_00125.jpg,A woman with medium-length hair in a white plush jacket runs one hand through her hair by her ear
mmtest_00130.jpg,A woman with medium-length hair wearing a white plush jacket runs one hand through her hair behind her ear
mmtest_00135.jpg,A woman with medium-length hair wearing a white plush jacket runs one hand through her hair behind her ear
mmtest_00140.jpg,A woman with medium-length hair wearing a white plush jacket runs one hand through her hair behind her ear
mmtest_00145.jpg,"A woman with medium-length hair wearing a white plush coat, one hand resting at her shoulder"
mmtest_00150.jpg,"A woman with medium-length hair wearing a white plush coat, one hand resting at her shoulder"
mmtest_00155.jpg,A woman with medium-length hair wearing a white plush coat
mmtest_00160.jpg,A woman with medium-length hair wearing a white plush coat
mmtest_00165.jpg,A woman with medium-length hair wearing a white plush coat
mmtest_00170.jpg,A woman with medium-length hair wearing a white plush coat
mmtest_00175.jpg,A woman with medium-length hair wearing a white plush coat
mmtest_00180.jpg,A woman with medium-length hair wearing a white plush coat
mmtest_00185.jpg,A woman with medium-length hair wearing a white plush coat
mmtest_00190.jpg,A woman with medium-length hair wearing a white plush coat
mmtest_00195.jpg,A woman with medium-length hair wearing a white plush coat
mmtest_00200.jpg,A woman in a white plush coat with medium-length burgundy hair
mmtest_00205.jpg,A woman in a white plush coat with medium-length burgundy hair
mmtest_00210.jpg,A woman in a white plush coat with medium-length burgundy hair
mmtest_00215.jpg,A woman in a white plush coat with medium-length burgundy hair
mmtest_00220.jpg,A woman in a white plush coat with medium-length burgundy hair
mmtest_00225.jpg,A woman in a white plush coat with medium-length burgundy hair
mmtest_00230.jpg,A woman in a white plush coat with medium-length burgundy hair
mmtest_00235.jpg,A woman in a white plush coat with medium-length burgundy hair
Model_in_green_dress_3.jpg,"A woman in a green dress, leaning forward with a light, flowing skirt and matching black heels"
model-429733_960_720.jpg,Women with dark curly hair have their hands on either side of their cheeks
model-610352_960_720.jpg,"A short-haired woman in a long-sleeved purple dress sits on the floor with her legs bent, her hands on her knees and her feet in gold shoes"
model-858753_960_720.jpg,A woman with one hand crossed and wearing a black dress with red curly hair
model-858755_960_720.jpg,"A female with long curly red hair, her back turned back, and a black blouse"
model-873675_960_720.jpg,A female wearing a green sequined dress in a standing position and high heels
model-873678_960_720.jpg,A woman in a green sequined dress with crossed arms and black high heels
model-873690_960_720.jpg,A woman in a shimmering green dress with an elegant posture
model-881425_960_720.jpg,A woman wearing a white shirt with a slightly open shirt collar and black straps over her shoulders
model-881431_960_720.jpg,A photo of a woman with medium length hair wearing a white shirt and holding a black band in her hand
model-female-girl-beautiful-51969.jpg,A woman dressed in black with dark hair with natural curls and hands on her neck
Modern_shingle_bob_haircut.jpg,Side view of female with short dark hair and patterned dress
Motivate_(Fitness_model).jpg,A female wearing a dark blue sleeveless top with long and wavy hair
mountain-goat-1014245_1280.jpg,A goat runs on the edge of a rocky outcrop with green herbs
nature-1281639_1920.jpg,Transparent spider web with a spider in the middle of the web
Official_portrait_of_Barack_Obama.jpg,A short-haired male in a dark suit and blue tie
oranges-1117628_1920.jpg,"The trees were covered with ripe oranges, the orange-coloured fruits standing out against the sunlight and dense foliage"
palm-fronds-412287.jpg,Green leaves of ferns with richly detailed pinnately compound leaves
person-woman-eyes-face.jpg,A doe-eyed female with her hands gesturing in a frame at her eyes
pexels-photo.jpg,The red liquid is poured into a clear wine glass
pexels-photo-87383.jpg,Clear plastic cup filled with half a cup of water
pexels-photo-89249.jpg,A black dog with thick fur and focused eyes
pexels-photo-97364.jpg,"White reticulation, half sparse and half dense"
pexels-photo-106368.jpg,The glass containing orange liquid is surrounded by blue liquid splashes
pink-hair-855660_960_720.jpg,A woman in a black dress and pink hair
plant-932743_1920.jpg,A green fabric with slender leaves planted in a black pot
portrait-750774_1920.jpg,Two women on each other's shoulders who look very close and happy in their swimsuits
Professor_Steven_Chu_ForMemRS_headshot.jpg,"A male wearing a dark striped suit, white shirt and yellow patterned tie"
"Ragdoll_Kater,_drei_Jahre_alt,_RAG_n_21_seal-tabby-colourpoint,_Januar_2015.jpg","A brown and white cat with big, bright eyes and soft fur"
sailor_flying_4_by_senshistock-d4k2wmr.jpg,A woman in a white tutu with a pair of angel wings on her back makes graceful dance movements
service-359183_1920.jpg,A bottle of amber-coloured wine and two glasses containing the same liquid
sheltie-1286090_1920.jpg,A sled dog with a dense coat of brown and white
skin-care-937667_960_720.jpg,A woman with her hands on the back of her head
small-flower-202724_1920.jpg,A close-up of a purple flower
smoke_00005.jpg,A very small cloud of white smoke
smoke_00010.jpg,A very small cloud of white smoke
smoke_00015.jpg,A very small cloud of white smoke
smoke_00020.jpg,A cloud of white smoke
smoke_00025.jpg,A cloud of white smoke
smoke_00030.jpg,A cloud of white smoke
smoke_00035.jpg,A cloud of white smoke
smoke_00040.jpg,A cloud of white smoke
smoke_00045.jpg,A cloud of white smoke
smoke_00050.jpg,A big cloud of white smoke
smoke_00055.jpg,A big cloud of white smoke
smoke_00060.jpg,A big cloud of white smoke
smoke_00065.jpg,A big cloud of white smoke
smoke_00070.jpg,A big cloud of white smoke
smoke_00075.jpg,A big cloud of white smoke
smoke_00080.jpg,A big cloud of white smoke
smoke_00085.jpg,A big cloud of white smoke
smoke_00090.jpg,A big cloud of white smoke
sorcery___8_by_mjranum_stock.jpg,A barefoot woman with a beautiful posture in a flowing dress
spider-425712_1920.jpg,"A spider, with spindly legs and a furry body, climbs on a corner of a rock"
spider-web-617769_1920.jpg,Spider webs attached to tree branches
spring-plant-1333318_1920.jpg,Irregular white spots or ink stains
squirrel-493790_1920.jpg,A brown squirrel eating food
squirrel-493793_1920.jpg,A little brown squirrel
squirrel-1076396_1920.jpg,A feeding squirrel with brown fur
squirrel-1228613_1920.jpg,A squirrel eating food surrounded by plants and small red fruits
swiss-shepherd-dog-354531_1920.jpg,A white dog with tongue out and friendly expression
tree-214877_1920.jpg,Bright orange cockscomb with green foliage
tree-234716_1920.jpg,Silhouettes of white flowers and tree branches
tree-439171_1920.jpg,"Looking up at the branches of the trees in autumn, the leaves take on rich colours and textures"
tree-675073_1920.jpg,A tree with intricate branches
tree-824429_1920.jpg,A green tree
tree-fern-420073_1920.jpg,Leaves of ferns
wedding-846926_1920.jpg,"A newlywed couple, the bride leaning back in her gorgeous white wedding dress against the groom who only shows his head"
wedding-dress-1174168.jpg,White lace fabric with delicate floral print and foam
Wild_hair.jpg,A woman with long black explosive curls
wine-440575_1920.jpg,"A golden-coloured drink with clear liquid in the glass, highlighting the crystal clarity of the drink"
with_wings___pose_reference_by_senshistock-d6by42n.jpg,A woman in a white one-piece swimming costume with her arms spread out and a pair of white wings behind her
with_wings___pose_reference_by_senshistock-d6by42n_2.jpg,A woman in a white leotard and white wings spreads her arms to mimic the gesture of flying
Woman_in_white_shirt_on_August_2009_02.jpg,A young woman in a white shirt with her arms crossed over her chest and brown hair
woman1.jpg,"A woman with long hair, wearing elaborate decorations in her hair, her hand gently stroking her hair"
woman2.jpg,"Side portrait of a woman with long hair, one arm raised to touch the back of her head"
woman-659354_960_720.jpg,The overall vibe of a white-haired woman dressed in black with earrings in her ears looks elegant and vintage
woman-804072_960_720.jpg,A blonde woman with curly hair and an elaborate hairpiece was enjoying an orange in her hand
woman-868519_960_720.jpg,A curly-haired woman in a black suit with her arms crossed over her chest
woman-1138435_960_720.jpg,A woman in a purple lace blouse with medium length hair
women-878869_1920.jpg,A blonde woman in a bikini and straw hat points her hands forward
